inv_gogstbill_a5.jpg	https://gogstbill.com/wp-content/uploads/2025/07/A5-GST-Invoice-Format_page-0001.jpg
inv_billingsoftware.webp	https://www.billingsoftware.in/images/articles/invis1.webp
inv_surya_a5.jpg	https://suryainfoweb.com/invoice-formats/tax-invoice/tax-invoice-format-india-a5.jpg
inv_surya_a4.jpg	https://suryainfoweb.com/invoice-formats/tax-invoice/tax-invoice-format-india-a4.jpg
inv_sleekbill.png	https://sleekbill.in/images/invoice_format_2-inch.png
inv_tally_einvoice.jpg	https://tallysolutions.com/wp-content/uploads/2019/11/Instant-e-invoice-in-TallyPrime.jpg
inv_gstzen.png	https://img-www.gstzen.in/articles/gst/writings/invoice-sample-copy.png
inv_sleekbill_einv.png	https://sleekbill.in/images/e-invoice-sample-new.png
inv_vyapar.webp	https://vyaparapp.in/v/z/wp-content/uploads/2026/05/GST-Invoice-Format-2.webp
inv_scribd_gst.jpg	https://imgv2-1-f.scribdassets.com/img/document/649693805/original/e531c7706d/1?v=1
lr_scribd_102.jpg	https://imgv2-2-f.scribdassets.com/img/document/849034430/original/416f6b25c9/1?v=1
lr_scribd_transport.jpg	https://imgv2-2-f.scribdassets.com/img/document/769022974/original/bd1ab7b064/1?v=1
lr_scribd_mohan.jpg	https://imgv2-2-f.scribdassets.com/img/document/843985514/original/961927fbcf/1?v=1
lr_scribd_household.jpg	https://imgv2-2-f.scribdassets.com/img/document/520253870/original/ca9ca24755/1?v=1
lr_busy_transport.webp	https://busy-client.busy.in/media/Transport-Invoice-Format-01-Simple.webp
lr_vyapar_transport.webp	https://vyaparapp.in/v/z/wp-content/uploads/2024/04/Transport-Invoice-333.webp
lr_lorryto_manual.png	https://lorryto.com/images/software-solution/ss-compare-manual.png
lr_linkedin.jpg	https://media.licdn.com/dms/image/v2/D5622AQGXcO2zrEPFtw/feedshare-shrink_800/B56ZY.VC9vGQAg-/0/1744802428618?e=2147483647&v=beta&t=nXgGYBh0UoXoKQhx5M71ttpms1LHAKECNl-TcMZcYQw
hw_localcircles_bill.jpeg	https://s3-ap-southeast-1.amazonaws.com/lc-public-content/userattachments/890/1DD017DF-10AF-4FFF-98FF-261522BA1A22___20191014100908___.jpeg
hw_archive_cashmemo_1960.jpg	https://archive.org/download/1960-ratna-stores-bill/dhakhwa%20cash%20memo%204phag018.jpg
hw_tripadvisor_memo.jpg	https://media-cdn.tripadvisor.com/media/photo-s/21/d4/2b/c5/the-cash-memo-showing.jpg
hw_motorcycle_receipt.jpg	https://blogger.googleusercontent.com/img/b/R29vZ2xl/AVvXsEjzsJiAhr2hhqpHx9n_f6yDQIaiwD8puzQer-n5K7YwHSbNTfjzJ5u9xpB17zPcSP8hqoObXj8ok-87YK3MiuySlvZneBWsz-L2dQeC76I4-P_UgmHautwRMEDib3uxts_bigjfNTW5GYo/s1600/IMG-20140819-WA0015.jpg
hw_scribd_fatehabad.jpg	https://imgv2-1-f.scribdassets.com/img/document/834344603/original/5ba97f3147/1?v=1
hw_alamy_1941.jpg	https://c8.alamy.com/comp/J0EW3B/old-vintage-1941-cash-memo-deolali-india-asia-J0EW3B.jpg
lr_justdial_rajdhani.jpg	https://images.jdmagicbox.com/comp/sultanpur/e7/9999p5362.5362.170928141428.p7e7/catalogue/rajdhani-interstate-transport-co-regd-khairabad-sultanpur-transporters-y5rl43lhfg.jpg
